target,timestamp,time,realTime
"http://curiosiphi:3000/watDiv_100",659,321,320
"http://curiosiphi:3001/watDiv_100",661,320,320
"http://curiosiphi:3002/watDiv_100",662,321,321
"http://curiosiphi:3002/watDiv_100",987,311,311
"http://curiosiphi:3002/watDiv_100",988,311,311
"http://curiosiphi:3002/watDiv_100",1305,311,311
"http://curiosiphi:3002/watDiv_100",1616,308,308
"http://curiosiphi:3000/watDiv_100",1617,308,308
"http://curiosiphi:3002/watDiv_100",1618,310,310
"http://curiosiphi:3002/watDiv_100",1619,310,309
"http://curiosiphi:3000/watDiv_100",1935,307,307
"http://curiosiphi:3000/watDiv_100",1937,307,307
"http://curiosiphi:3000/watDiv_100",1939,307,307
"http://curiosiphi:3000/watDiv_100",1941,309,309
"http://curiosiphi:3000/watDiv_100",2256,307,306
"http://curiosiphi:3002/watDiv_100",2257,308,308
"http://curiosiphi:3000/watDiv_100",2258,306,306
"http://curiosiphi:3002/watDiv_100",2259,308,308
"http://curiosiphi:3000/watDiv_100",2575,308,306
"http://curiosiphi:3000/watDiv_100",2576,310,309
"http://curiosiphi:3002/watDiv_100",2576,306,306
"http://curiosiphi:3000/watDiv_100",2577,311,311
"http://curiosiphi:3002/watDiv_100",2893,307,307
"http://curiosiphi:3000/watDiv_100",2893,306,306
"http://curiosiphi:3000/watDiv_100",2893,308,308
"http://curiosiphi:3002/watDiv_100",2894,308,307
"http://curiosiphi:3001/watDiv_100",3207,306,306
"http://curiosiphi:3001/watDiv_100",3208,307,307
"http://curiosiphi:3000/watDiv_100",3209,306,306
"http://curiosiphi:3001/watDiv_100",3210,308,308
"http://curiosiphi:3000/watDiv_100",3520,308,308
"http://curiosiphi:3002/watDiv_100",3520,307,307
"http://curiosiphi:3000/watDiv_100",3521,307,307
"http://curiosiphi:3000/watDiv_100",3521,310,310
"http://curiosiphi:3000/watDiv_100",3834,307,307
"http://curiosiphi:3002/watDiv_100",3836,310,310
"http://curiosiphi:3002/watDiv_100",3840,308,308
"http://curiosiphi:3001/watDiv_100",3841,308,308
"http://curiosiphi:3000/watDiv_100",4147,308,307
"http://curiosiphi:3002/watDiv_100",4152,310,309
"http://curiosiphi:3002/watDiv_100",4156,309,309
"http://curiosiphi:3002/watDiv_100",4157,309,309
"http://curiosiphi:3000/watDiv_100",4455,306,306
"http://curiosiphi:3001/watDiv_100",4459,306,306
"http://curiosiphi:3000/watDiv_100",4469,306,306
"http://curiosiphi:3000/watDiv_100",4470,308,308
"http://curiosiphi:3002/watDiv_100",4763,306,306
"http://curiosiphi:3000/watDiv_100",4767,306,306
"http://curiosiphi:3000/watDiv_100",4780,307,307
"http://curiosiphi:3001/watDiv_100",4783,307,307
"http://curiosiphi:3001/watDiv_100",5073,307,306
"http://curiosiphi:3002/watDiv_100",5076,306,306
"http://curiosiphi:3000/watDiv_100",5089,307,307
"http://curiosiphi:3000/watDiv_100",5094,308,308
"http://curiosiphi:3002/watDiv_100",5382,308,308
"http://curiosiphi:3000/watDiv_100",5384,307,307
"http://curiosiphi:3002/watDiv_100",5395,305,305
"http://curiosiphi:3002/watDiv_100",5417,322,322
"http://curiosiphi:3000/watDiv_100",5699,311,310
"http://curiosiphi:3002/watDiv_100",5700,308,308
"http://curiosiphi:3001/watDiv_100",5724,308,308
"http://curiosiphi:3001/watDiv_100",5726,306,306
"http://curiosiphi:3002/watDiv_100",6011,306,306
"http://curiosiphi:3001/watDiv_100",6011,306,306
"http://curiosiphi:3000/watDiv_100",6034,308,308
"http://curiosiphi:3002/watDiv_100",6035,307,307
"http://curiosiphi:3000/watDiv_100",6319,306,306
"http://curiosiphi:3002/watDiv_100",6320,307,307
"http://curiosiphi:3001/watDiv_100",6347,307,307
"http://curiosiphi:3002/watDiv_100",6348,307,307
"http://curiosiphi:3001/watDiv_100",6633,308,306
"http://curiosiphi:3000/watDiv_100",6634,310,310
"http://curiosiphi:3000/watDiv_100",6660,305,305
"http://curiosiphi:3000/watDiv_100",6661,308,308
"http://curiosiphi:3001/watDiv_100",6948,307,307
"http://curiosiphi:3002/watDiv_100",6949,309,309
"http://curiosiphi:3002/watDiv_100",6969,306,306
"http://curiosiphi:3000/watDiv_100",6969,306,306
"http://curiosiphi:3001/watDiv_100",7260,306,306
"http://curiosiphi:3002/watDiv_100",7261,307,307
"http://curiosiphi:3001/watDiv_100",7278,307,307
"http://curiosiphi:3002/watDiv_100",7278,306,306
"http://curiosiphi:3000/watDiv_100",7575,308,308
"http://curiosiphi:3001/watDiv_100",7576,306,306
"http://curiosiphi:3001/watDiv_100",7587,305,305
"http://curiosiphi:3002/watDiv_100",7591,307,306
"http://curiosiphi:3002/watDiv_100",7886,307,307
"http://curiosiphi:3000/watDiv_100",7887,309,309
"http://curiosiphi:3000/watDiv_100",7894,306,306
"http://curiosiphi:3000/watDiv_100",7899,306,306
"http://curiosiphi:3001/watDiv_100",8195,307,307
"http://curiosiphi:3002/watDiv_100",8196,307,307
"http://curiosiphi:3001/watDiv_100",8201,306,306
"http://curiosiphi:3001/watDiv_100",8207,306,306
"http://curiosiphi:3002/watDiv_100",8212,311,311
"http://curiosiphi:3001/watDiv_100",8506,307,307
"http://curiosiphi:3000/watDiv_100",8507,306,306
"http://curiosiphi:3001/watDiv_100",8508,305,305
"http://curiosiphi:3001/watDiv_100",8514,306,306
"http://curiosiphi:3000/watDiv_100",8814,306,306
"http://curiosiphi:3002/watDiv_100",8822,312,312
"http://curiosiphi:3001/watDiv_100",8822,311,311
"http://curiosiphi:3000/watDiv_100",8827,311,311
"http://curiosiphi:3002/watDiv_100",9131,308,308
"http://curiosiphi:3001/watDiv_100",9135,308,308
"http://curiosiphi:3000/watDiv_100",9135,307,307
"http://curiosiphi:3002/watDiv_100",9137,306,306
"http://curiosiphi:3000/watDiv_100",9441,307,307
"http://curiosiphi:3001/watDiv_100",9445,307,307
"http://curiosiphi:3002/watDiv_100",9446,307,307
"http://curiosiphi:3002/watDiv_100",9446,307,307
"http://curiosiphi:3001/watDiv_100",9748,306,306
"http://curiosiphi:3000/watDiv_100",9752,306,306
"http://curiosiphi:3001/watDiv_100",9753,306,305
"http://curiosiphi:3001/watDiv_100",9754,306,306
"http://curiosiphi:3001/watDiv_100",10055,306,306
"http://curiosiphi:3000/watDiv_100",10060,307,307
"http://curiosiphi:3000/watDiv_100",10061,306,305
"http://curiosiphi:3002/watDiv_100",10061,306,306
"http://curiosiphi:3000/watDiv_100",10366,307,307
"http://curiosiphi:3001/watDiv_100",10368,306,306
"http://curiosiphi:3001/watDiv_100",10369,306,305
"http://curiosiphi:3000/watDiv_100",10370,307,307
"http://curiosiphi:3002/watDiv_100",10674,307,307
"http://curiosiphi:3000/watDiv_100",10675,306,306
"http://curiosiphi:3002/watDiv_100",10678,307,306
"http://curiosiphi:3001/watDiv_100",10679,307,307
"http://curiosiphi:3001/watDiv_100",10990,306,306
"http://curiosiphi:3000/watDiv_100",10991,306,306
"http://curiosiphi:3002/watDiv_100",10993,307,307
"http://curiosiphi:3002/watDiv_100",10994,308,308
"http://curiosiphi:3001/watDiv_100",11297,306,306
"http://curiosiphi:3000/watDiv_100",11299,306,306
"http://curiosiphi:3002/watDiv_100",11303,307,307
"http://curiosiphi:3000/watDiv_100",11304,308,308
"http://curiosiphi:3000/watDiv_100",11610,308,308
"http://curiosiphi:3001/watDiv_100",11612,307,307
"http://curiosiphi:3001/watDiv_100",11613,305,305
"http://curiosiphi:3002/watDiv_100",11618,309,309
"http://curiosiphi:3002/watDiv_100",11918,307,306
"http://curiosiphi:3000/watDiv_100",11938,307,307
"http://curiosiphi:3001/watDiv_100",11939,307,307
"http://curiosiphi:3001/watDiv_100",11940,308,308
"http://curiosiphi:3002/watDiv_100",12225,306,306
"http://curiosiphi:3000/watDiv_100",12245,306,306
"http://curiosiphi:3001/watDiv_100",12247,306,306
"http://curiosiphi:3001/watDiv_100",12247,306,306
"http://curiosiphi:3001/watDiv_100",12533,307,306
"http://curiosiphi:3000/watDiv_100",12554,308,308
"http://curiosiphi:3001/watDiv_100",12554,306,306
"http://curiosiphi:3001/watDiv_100",12555,306,306
"http://curiosiphi:3000/watDiv_100",12845,308,308
"http://curiosiphi:3000/watDiv_100",12868,309,309
"http://curiosiphi:3002/watDiv_100",12869,308,308
"http://curiosiphi:3002/watDiv_100",12870,308,307
"http://curiosiphi:3002/watDiv_100",13155,308,308
"http://curiosiphi:3000/watDiv_100",13179,306,306
"http://curiosiphi:3002/watDiv_100",13181,307,306
"http://curiosiphi:3002/watDiv_100",13183,307,306
"http://curiosiphi:3000/watDiv_100",13462,306,306
"http://curiosiphi:3000/watDiv_100",13487,307,307
"http://curiosiphi:3002/watDiv_100",13488,306,306
"http://curiosiphi:3000/watDiv_100",13490,306,306
"http://curiosiphi:3002/watDiv_100",13770,307,307
"http://curiosiphi:3000/watDiv_100",13795,307,307
"http://curiosiphi:3001/watDiv_100",13796,307,307
"http://curiosiphi:3001/watDiv_100",13800,307,307
"http://curiosiphi:3002/watDiv_100",14081,307,307
"http://curiosiphi:3002/watDiv_100",14113,307,307
"http://curiosiphi:3001/watDiv_100",14113,307,307
"http://curiosiphi:3000/watDiv_100",14113,306,306
"http://curiosiphi:3002/watDiv_100",14389,307,307
"http://curiosiphi:3002/watDiv_100",14421,306,306
"http://curiosiphi:3000/watDiv_100",14422,307,306
"http://curiosiphi:3002/watDiv_100",14422,306,306
"http://curiosiphi:3001/watDiv_100",14697,306,306
"http://curiosiphi:3002/watDiv_100",14732,307,307
"http://curiosiphi:3000/watDiv_100",14734,306,306
"http://curiosiphi:3000/watDiv_100",14735,306,306
"http://curiosiphi:3001/watDiv_100",15005,306,306
"http://curiosiphi:3001/watDiv_100",15046,306,306
"http://curiosiphi:3001/watDiv_100",15046,305,305
"http://curiosiphi:3002/watDiv_100",15047,306,306
"http://curiosiphi:3002/watDiv_100",15312,306,306
"http://curiosiphi:3001/watDiv_100",15355,306,306
"http://curiosiphi:3002/watDiv_100",15355,307,307
"http://curiosiphi:3002/watDiv_100",15356,307,307
"http://curiosiphi:3001/watDiv_100",15620,306,306
"http://curiosiphi:3001/watDiv_100",15663,305,305
"http://curiosiphi:3001/watDiv_100",15664,306,306
"http://curiosiphi:3002/watDiv_100",15666,307,307
"http://curiosiphi:3002/watDiv_100",15929,307,306
"http://curiosiphi:3002/watDiv_100",15976,308,307
"http://curiosiphi:3000/watDiv_100",15977,307,307
"http://curiosiphi:3002/watDiv_100",15977,306,306
"http://curiosiphi:3002/watDiv_100",15982,310,309
"http://curiosiphi:3002/watDiv_100",16236,306,306
"http://curiosiphi:3002/watDiv_100",16283,306,306
"http://curiosiphi:3002/watDiv_100",16284,305,305
"http://curiosiphi:3001/watDiv_100",16285,306,306
"http://curiosiphi:3000/watDiv_100",16545,307,307
"http://curiosiphi:3000/watDiv_100",16590,306,306
"http://curiosiphi:3002/watDiv_100",16592,306,306
"http://curiosiphi:3000/watDiv_100",16593,306,306
"http://curiosiphi:3001/watDiv_100",16852,306,306
"http://curiosiphi:3000/watDiv_100",16898,306,306
"http://curiosiphi:3001/watDiv_100",16900,306,306
"http://curiosiphi:3001/watDiv_100",16901,307,307
"http://curiosiphi:3001/watDiv_100",17164,311,310
"http://curiosiphi:3000/watDiv_100",17206,307,307
"http://curiosiphi:3001/watDiv_100",17208,306,306
"http://curiosiphi:3001/watDiv_100",17211,309,309
"http://curiosiphi:3001/watDiv_100",17478,310,310
"http://curiosiphi:3000/watDiv_100",17519,306,306
"http://curiosiphi:3000/watDiv_100",17519,305,305
"http://curiosiphi:3001/watDiv_100",17520,306,306
"http://curiosiphi:3002/watDiv_100",17786,307,307
"http://curiosiphi:3000/watDiv_100",17833,306,306
"http://curiosiphi:3002/watDiv_100",17833,307,307
"http://curiosiphi:3000/watDiv_100",17834,309,309
"http://curiosiphi:3000/watDiv_100",18094,307,307
"http://curiosiphi:3001/watDiv_100",18146,307,307
"http://curiosiphi:3001/watDiv_100",18148,311,311
"http://curiosiphi:3001/watDiv_100",18148,308,308
"http://curiosiphi:3002/watDiv_100",18403,308,307
"http://curiosiphi:3001/watDiv_100",18457,307,307
"http://curiosiphi:3002/watDiv_100",18460,307,307
"http://curiosiphi:3002/watDiv_100",18461,310,310
"http://curiosiphi:3002/watDiv_100",18712,308,308
"http://curiosiphi:3000/watDiv_100",18766,307,307
"http://curiosiphi:3002/watDiv_100",18777,306,306
"http://curiosiphi:3000/watDiv_100",18777,307,307
"http://curiosiphi:3001/watDiv_100",19021,308,307
"http://curiosiphi:3000/watDiv_100",19074,307,307
"http://curiosiphi:3002/watDiv_100",19084,306,306
"http://curiosiphi:3000/watDiv_100",19085,307,307
"http://curiosiphi:3002/watDiv_100",19332,309,309
"http://curiosiphi:3001/watDiv_100",19385,308,308
"http://curiosiphi:3002/watDiv_100",19396,308,308
"http://curiosiphi:3000/watDiv_100",19397,307,307
"http://curiosiphi:3002/watDiv_100",19642,307,307
"http://curiosiphi:3002/watDiv_100",19697,309,308
"http://curiosiphi:3000/watDiv_100",19708,306,306
"http://curiosiphi:3000/watDiv_100",19710,309,308
"http://curiosiphi:3001/watDiv_100",19951,307,306
"http://curiosiphi:3002/watDiv_100",20005,307,307
"http://curiosiphi:3001/watDiv_100",20025,307,306
"http://curiosiphi:3002/watDiv_100",20027,311,310
"http://curiosiphi:3002/watDiv_100",20261,307,307
"http://curiosiphi:3002/watDiv_100",20337,309,309
"http://curiosiphi:3001/watDiv_100",20337,307,307
"http://curiosiphi:3002/watDiv_100",20579,309,309
"http://curiosiphi:3000/watDiv_100",20914,908,907
"http://curiosiphi:3002/watDiv_100",21222,307,306
"http://curiosiphi:3001/watDiv_100",21223,307,307
"http://curiosiphi:3002/watDiv_100",21223,306,306
"http://curiosiphi:3002/watDiv_100",21224,306,306
"http://curiosiphi:3001/watDiv_100",21534,308,307
"http://curiosiphi:3001/watDiv_100",21536,308,308
"http://curiosiphi:3002/watDiv_100",21539,308,307
"http://curiosiphi:3000/watDiv_100",22136,909,909
"http://curiosiphi:3000/watDiv_100",22450,908,908
"http://curiosiphi:3001/watDiv_100",22451,310,309
"http://curiosiphi:3002/watDiv_100",22453,309,307
"http://curiosiphi:3001/watDiv_100",22769,310,309
"http://curiosiphi:3002/watDiv_100",22770,308,308
"http://curiosiphi:3002/watDiv_100",22774,309,309
"http://curiosiphi:3000/watDiv_100",23052,907,907
"http://curiosiphi:3002/watDiv_100",23366,306,306
"http://curiosiphi:3001/watDiv_100",23367,313,310
"http://curiosiphi:3002/watDiv_100",23369,311,311
"http://curiosiphi:3001/watDiv_100",23369,310,310
"http://curiosiphi:3002/watDiv_100",23681,307,307
"http://curiosiphi:3001/watDiv_100",23684,306,306
"http://curiosiphi:3002/watDiv_100",23686,308,308
"http://curiosiphi:3002/watDiv_100",23989,306,306
"http://curiosiphi:3000/watDiv_100",24282,907,906
"http://curiosiphi:3001/watDiv_100",24590,307,306
"http://curiosiphi:3002/watDiv_100",24592,307,307
"http://curiosiphi:3002/watDiv_100",24593,308,308
"http://curiosiphi:3000/watDiv_100",25191,907,907
"http://curiosiphi:3000/watDiv_100",25500,906,906
"http://curiosiphi:3001/watDiv_100",25505,308,307
"http://curiosiphi:3002/watDiv_100",25508,308,308
"http://curiosiphi:3001/watDiv_100",25508,307,307
"http://curiosiphi:3001/watDiv_100",25814,307,307
"http://curiosiphi:3001/watDiv_100",25821,307,306
"http://curiosiphi:3001/watDiv_100",25821,309,309
"http://curiosiphi:3000/watDiv_100",26411,908,908
"http://curiosiphi:3001/watDiv_100",26728,309,309
"http://curiosiphi:3002/watDiv_100",26729,309,309
"http://curiosiphi:3001/watDiv_100",26730,308,307
"http://curiosiphi:3000/watDiv_100",27328,913,911
"http://curiosiphi:3001/watDiv_100",27636,306,306
"http://curiosiphi:3002/watDiv_100",27637,308,308
"http://curiosiphi:3002/watDiv_100",27638,307,307
"http://curiosiphi:3002/watDiv_100",27640,309,309
"http://curiosiphi:3002/watDiv_100",27949,306,306
"http://curiosiphi:3002/watDiv_100",27950,308,308
"http://curiosiphi:3000/watDiv_100",28237,907,907
"http://curiosiphi:3001/watDiv_100",28546,306,306
"http://curiosiphi:3001/watDiv_100",28549,307,307
"http://curiosiphi:3000/watDiv_100",29148,907,907
"http://curiosiphi:3000/watDiv_100",29149,909,909
"http://curiosiphi:3001/watDiv_100",29464,310,310
"http://curiosiphi:3001/watDiv_100",29466,306,306
"http://curiosiphi:3002/watDiv_100",29467,310,310
"http://curiosiphi:3000/watDiv_100",30066,910,910
"http://curiosiphi:3000/watDiv_100",30379,908,908
"http://curiosiphi:3001/watDiv_100",30380,310,310
"http://curiosiphi:3002/watDiv_100",30385,313,313
"http://curiosiphi:3002/watDiv_100",30387,311,310
"http://curiosiphi:3001/watDiv_100",30686,306,306
"http://curiosiphi:3002/watDiv_100",30694,308,308
"http://curiosiphi:3002/watDiv_100",30695,314,314
"http://curiosiphi:3002/watDiv_100",31008,307,307
"http://curiosiphi:3002/watDiv_100",31008,307,307
"http://curiosiphi:3000/watDiv_100",31294,906,906
"http://curiosiphi:3000/watDiv_100",31599,909,909
"http://curiosiphi:3002/watDiv_100",31908,307,307
"http://curiosiphi:3001/watDiv_100",31909,309,309
"http://curiosiphi:3001/watDiv_100",31909,308,308
"http://curiosiphi:3000/watDiv_100",32203,907,907
"http://curiosiphi:3002/watDiv_100",32513,308,308
"http://curiosiphi:3001/watDiv_100",32514,308,307
"http://curiosiphi:3002/watDiv_100",32519,308,308
"http://curiosiphi:3002/watDiv_100",32831,307,307
"http://curiosiphi:3001/watDiv_100",32833,311,311
"http://curiosiphi:3000/watDiv_100",33119,910,910
"http://curiosiphi:3001/watDiv_100",33428,308,308
"http://curiosiphi:3002/watDiv_100",33432,308,308
"http://curiosiphi:3001/watDiv_100",33739,308,307
"http://curiosiphi:3000/watDiv_100",34031,910,910
"http://curiosiphi:3000/watDiv_100",34033,908,908
"http://curiosiphi:3001/watDiv_100",34347,310,309
"http://curiosiphi:3002/watDiv_100",34347,307,307
"http://curiosiphi:3001/watDiv_100",34347,308,308
"http://curiosiphi:3001/watDiv_100",34348,307,307
"http://curiosiphi:3001/watDiv_100",34661,306,306
"http://curiosiphi:3001/watDiv_100",34666,313,312
"http://curiosiphi:3002/watDiv_100",34667,315,315
"http://curiosiphi:3001/watDiv_100",34668,311,311
"http://curiosiphi:3001/watDiv_100",34979,306,306
"http://curiosiphi:3001/watDiv_100",34980,307,307
"http://curiosiphi:3001/watDiv_100",34980,305,305
"http://curiosiphi:3002/watDiv_100",34981,308,307
"http://curiosiphi:3002/watDiv_100",35297,310,309
"http://curiosiphi:3002/watDiv_100",35298,308,308
"http://curiosiphi:3001/watDiv_100",35299,307,307
"http://curiosiphi:3002/watDiv_100",35301,307,307
"http://curiosiphi:3002/watDiv_100",35615,308,307
"http://curiosiphi:3001/watDiv_100",35616,307,307
"http://curiosiphi:3002/watDiv_100",35617,308,308
"http://curiosiphi:3002/watDiv_100",35928,307,307
"http://curiosiphi:3002/watDiv_100",35930,308,308
"http://curiosiphi:3002/watDiv_100",35930,308,308
"http://curiosiphi:3000/watDiv_100",36217,907,907
"http://curiosiphi:3002/watDiv_100",36529,308,307
"http://curiosiphi:3002/watDiv_100",36531,309,309
"http://curiosiphi:3001/watDiv_100",36535,307,307
"http://curiosiphi:3002/watDiv_100",36840,307,307
"http://curiosiphi:3000/watDiv_100",37134,909,909
"http://curiosiphi:3000/watDiv_100",37439,907,907
"http://curiosiphi:3002/watDiv_100",37442,307,306
"http://curiosiphi:3001/watDiv_100",37751,307,306
"http://curiosiphi:3002/watDiv_100",37752,309,309
"http://curiosiphi:3002/watDiv_100",37753,308,307
"http://curiosiphi:3000/watDiv_100",38043,908,908
"http://curiosiphi:3002/watDiv_100",38352,308,308
"http://curiosiphi:3002/watDiv_100",38353,307,307
"http://curiosiphi:3002/watDiv_100",38356,308,307
"http://curiosiphi:3001/watDiv_100",38358,308,307
"http://curiosiphi:3001/watDiv_100",38666,307,307
"http://curiosiphi:3001/watDiv_100",38667,309,309
"http://curiosiphi:3001/watDiv_100",38669,312,311
"http://curiosiphi:3002/watDiv_100",38985,311,311
"http://curiosiphi:3000/watDiv_100",39267,907,907
"http://curiosiphi:3001/watDiv_100",39580,310,310
"http://curiosiphi:3001/watDiv_100",39585,313,313
"http://curiosiphi:3000/watDiv_100",39587,908,908
"http://curiosiphi:3000/watDiv_100",39587,911,911
"http://curiosiphi:3002/watDiv_100",39901,308,308
"http://curiosiphi:3001/watDiv_100",39902,307,307
"http://curiosiphi:3002/watDiv_100",39903,308,308
"http://curiosiphi:3002/watDiv_100",40214,309,309
"http://curiosiphi:3000/watDiv_100",40502,908,908
"http://curiosiphi:3001/watDiv_100",40817,312,312
"http://curiosiphi:3002/watDiv_100",40818,308,308
"http://curiosiphi:3002/watDiv_100",40819,312,312
"http://curiosiphi:3002/watDiv_100",41133,309,309
"http://curiosiphi:3002/watDiv_100",41134,308,308
"http://curiosiphi:3000/watDiv_100",41418,909,909
"http://curiosiphi:3001/watDiv_100",41730,310,310
"http://curiosiphi:3001/watDiv_100",41731,310,310
"http://curiosiphi:3001/watDiv_100",41732,309,308
"http://curiosiphi:3001/watDiv_100",41733,307,307
"http://curiosiphi:3001/watDiv_100",42045,307,306
"http://curiosiphi:3001/watDiv_100",42046,305,305
"http://curiosiphi:3001/watDiv_100",42047,307,307
"http://curiosiphi:3002/watDiv_100",42053,312,312
"http://curiosiphi:3002/watDiv_100",42361,307,306
"http://curiosiphi:3001/watDiv_100",42362,307,307
"http://curiosiphi:3000/watDiv_100",42648,907,907
"http://curiosiphi:3002/watDiv_100",42960,307,307
"http://curiosiphi:3000/watDiv_100",42962,907,907
"http://curiosiphi:3002/watDiv_100",43270,306,306
"http://curiosiphi:3000/watDiv_100",43559,908,908
"http://curiosiphi:3000/watDiv_100",43870,907,907
"http://curiosiphi:3001/watDiv_100",44182,309,308
"http://curiosiphi:3002/watDiv_100",44183,308,308
"http://curiosiphi:3000/watDiv_100",44471,907,906
"http://curiosiphi:3000/watDiv_100",44472,910,910
"http://curiosiphi:3001/watDiv_100",44783,307,306
"http://curiosiphi:3001/watDiv_100",44784,307,307
"http://curiosiphi:3002/watDiv_100",44785,307,307
"http://curiosiphi:3002/watDiv_100",44786,308,308
"http://curiosiphi:3002/watDiv_100",45098,309,309
"http://curiosiphi:3002/watDiv_100",45108,305,305
"http://curiosiphi:3001/watDiv_100",45405,306,306
"http://curiosiphi:3000/watDiv_100",45709,919,919
"http://curiosiphi:3000/watDiv_100",45711,921,919
"http://curiosiphi:3001/watDiv_100",46026,311,311
"http://curiosiphi:3001/watDiv_100",46027,307,307
"http://curiosiphi:3001/watDiv_100",46028,312,311
"http://curiosiphi:3002/watDiv_100",46029,311,311
"http://curiosiphi:3002/watDiv_100",46343,308,308
"http://curiosiphi:3002/watDiv_100",46344,307,307
"http://curiosiphi:3001/watDiv_100",46656,307,307
"http://curiosiphi:3001/watDiv_100",46656,308,308
"http://curiosiphi:3000/watDiv_100",46945,908,908
"http://curiosiphi:3000/watDiv_100",46946,908,908
"http://curiosiphi:3001/watDiv_100",47259,309,308
"http://curiosiphi:3002/watDiv_100",47260,308,307
"http://curiosiphi:3002/watDiv_100",47266,311,310
"http://curiosiphi:3002/watDiv_100",47267,310,310
"http://curiosiphi:3001/watDiv_100",47573,309,309
"http://curiosiphi:3002/watDiv_100",47581,307,307
"http://curiosiphi:3002/watDiv_100",47583,310,310
"http://curiosiphi:3002/watDiv_100",47884,308,308
"http://curiosiphi:3000/watDiv_100",48178,909,909
"http://curiosiphi:3002/watDiv_100",48489,307,307
"http://curiosiphi:3002/watDiv_100",48494,309,309
"http://curiosiphi:3001/watDiv_100",48495,308,308
"http://curiosiphi:3001/watDiv_100",48496,308,308
"http://curiosiphi:3002/watDiv_100",48802,309,309
"http://curiosiphi:3001/watDiv_100",48804,306,306
"http://curiosiphi:3002/watDiv_100",48806,308,307
"http://curiosiphi:3002/watDiv_100",48807,308,307
"http://curiosiphi:3001/watDiv_100",49115,305,305
"http://curiosiphi:3002/watDiv_100",49117,306,306
"http://curiosiphi:3001/watDiv_100",49118,307,307
"http://curiosiphi:3000/watDiv_100",49717,908,908
"http://curiosiphi:3001/watDiv_100",50030,308,308
"http://curiosiphi:3001/watDiv_100",50033,308,308
"http://curiosiphi:3001/watDiv_100",50034,307,307
"http://curiosiphi:3000/watDiv_100",50630,910,909
"http://curiosiphi:3001/watDiv_100",50938,306,306
"http://curiosiphi:3001/watDiv_100",50939,308,308
"http://curiosiphi:3002/watDiv_100",50940,307,307
"http://curiosiphi:3001/watDiv_100",51247,307,307
"http://curiosiphi:3002/watDiv_100",51247,306,306
"http://curiosiphi:3001/watDiv_100",51250,307,307
"http://curiosiphi:3000/watDiv_100",51542,908,908
"http://curiosiphi:3001/watDiv_100",51853,308,307
"http://curiosiphi:3001/watDiv_100",51854,310,310
"http://curiosiphi:3002/watDiv_100",51855,307,307
"http://curiosiphi:3002/watDiv_100",52170,308,308
"http://curiosiphi:3001/watDiv_100",52171,308,307
"http://curiosiphi:3000/watDiv_100",52455,908,908
"http://curiosiphi:3002/watDiv_100",52764,308,307
"http://curiosiphi:3001/watDiv_100",52765,306,306
"http://curiosiphi:3002/watDiv_100",52766,306,306
"http://curiosiphi:3002/watDiv_100",53073,307,307
"http://curiosiphi:3000/watDiv_100",53365,907,907
"http://curiosiphi:3001/watDiv_100",53675,307,307
"http://curiosiphi:3001/watDiv_100",53676,308,308
"http://curiosiphi:3001/watDiv_100",53676,310,310
"http://curiosiphi:3001/watDiv_100",53993,307,307
"http://curiosiphi:3001/watDiv_100",53994,309,309
"http://curiosiphi:3001/watDiv_100",53994,307,307
"http://curiosiphi:3000/watDiv_100",54275,907,907
"http://curiosiphi:3002/watDiv_100",54584,307,307
"http://curiosiphi:3002/watDiv_100",54585,308,307
"http://curiosiphi:3002/watDiv_100",54588,308,308
"http://curiosiphi:3001/watDiv_100",54900,308,308
"http://curiosiphi:3001/watDiv_100",54901,306,306
"http://curiosiphi:3000/watDiv_100",55186,908,906
"http://curiosiphi:3002/watDiv_100",55498,310,310
"http://curiosiphi:3001/watDiv_100",55499,308,308
"http://curiosiphi:3001/watDiv_100",55499,307,307
"http://curiosiphi:3002/watDiv_100",55499,306,306
"http://curiosiphi:3001/watDiv_100",55808,307,307
"http://curiosiphi:3001/watDiv_100",55809,307,307
"http://curiosiphi:3002/watDiv_100",55810,309,309
"http://curiosiphi:3002/watDiv_100",55811,308,308
"http://curiosiphi:3001/watDiv_100",56127,306,306
"http://curiosiphi:3002/watDiv_100",56128,311,311
"http://curiosiphi:3002/watDiv_100",56129,312,312
"http://curiosiphi:3002/watDiv_100",56129,307,307
"http://curiosiphi:3002/watDiv_100",56130,309,309
"http://curiosiphi:3002/watDiv_100",56438,307,306
"http://curiosiphi:3001/watDiv_100",56442,308,308
"http://curiosiphi:3001/watDiv_100",56747,308,307
"http://curiosiphi:3000/watDiv_100",57042,910,910
"http://curiosiphi:3000/watDiv_100",57042,909,909
"http://curiosiphi:3002/watDiv_100",57354,308,308
"http://curiosiphi:3002/watDiv_100",57355,307,307
"http://curiosiphi:3002/watDiv_100",57356,308,308
"http://curiosiphi:3000/watDiv_100",57953,908,908
"http://curiosiphi:3002/watDiv_100",58265,308,307
"http://curiosiphi:3001/watDiv_100",58269,308,308
"http://curiosiphi:3002/watDiv_100",58270,306,306
"http://curiosiphi:3001/watDiv_100",58574,307,306
"http://curiosiphi:3001/watDiv_100",58582,307,307
"http://curiosiphi:3000/watDiv_100",58871,909,907
"http://curiosiphi:3002/watDiv_100",59179,307,307
"http://curiosiphi:3002/watDiv_100",59180,307,307
"http://curiosiphi:3002/watDiv_100",59182,308,307
"http://curiosiphi:3002/watDiv_100",59182,307,307
"http://curiosiphi:3001/watDiv_100",59488,307,307
"http://curiosiphi:3002/watDiv_100",59489,306,306
"http://curiosiphi:3002/watDiv_100",59490,305,305
"http://curiosiphi:3001/watDiv_100",59497,312,312
"http://curiosiphi:3001/watDiv_100",59806,308,308
"http://curiosiphi:3002/watDiv_100",59807,306,306
"http://curiosiphi:3000/watDiv_100",60407,912,911
"http://curiosiphi:3000/watDiv_100",60409,906,906
"http://curiosiphi:3001/watDiv_100",60722,309,308
"http://curiosiphi:3002/watDiv_100",60723,308,308
"http://curiosiphi:3001/watDiv_100",60724,307,307
"http://curiosiphi:3000/watDiv_100",61323,911,911
"http://curiosiphi:3001/watDiv_100",61643,305,305
"http://curiosiphi:3002/watDiv_100",61644,308,308
"http://curiosiphi:3001/watDiv_100",61645,308,308
"http://curiosiphi:3001/watDiv_100",61954,305,305
"http://curiosiphi:3000/watDiv_100",62244,908,907
"http://curiosiphi:3001/watDiv_100",62556,307,307
"http://curiosiphi:3001/watDiv_100",62557,310,310
"http://curiosiphi:3002/watDiv_100",62868,307,306
"http://curiosiphi:3001/watDiv_100",62869,309,309
"http://curiosiphi:3000/watDiv_100",63157,907,907
"http://curiosiphi:3000/watDiv_100",63158,907,907
"http://curiosiphi:3001/watDiv_100",63472,308,308
"http://curiosiphi:3001/watDiv_100",63473,311,310
"http://curiosiphi:3002/watDiv_100",63475,308,308
"http://curiosiphi:3002/watDiv_100",63477,308,308
"http://curiosiphi:3002/watDiv_100",63791,307,307
"http://curiosiphi:3002/watDiv_100",63792,309,309
"http://curiosiphi:3000/watDiv_100",64391,909,909
"http://curiosiphi:3000/watDiv_100",64392,907,907
"http://curiosiphi:3001/watDiv_100",64704,307,307
"http://curiosiphi:3002/watDiv_100",64704,306,306
"http://curiosiphi:3002/watDiv_100",64705,308,308
"http://curiosiphi:3002/watDiv_100",64706,308,308
"http://curiosiphi:3001/watDiv_100",65013,306,306
"http://curiosiphi:3002/watDiv_100",65014,306,306
"http://curiosiphi:3002/watDiv_100",65015,307,306
"http://curiosiphi:3002/watDiv_100",65015,308,308
"http://curiosiphi:3002/watDiv_100",65322,307,307
"http://curiosiphi:3002/watDiv_100",65324,307,307
"http://curiosiphi:3001/watDiv_100",65325,306,306
"http://curiosiphi:3002/watDiv_100",65325,306,306
"http://curiosiphi:3001/watDiv_100",65639,309,308
"http://curiosiphi:3002/watDiv_100",65640,307,307
"http://curiosiphi:3002/watDiv_100",65641,309,309
"http://curiosiphi:3000/watDiv_100",66230,907,907
"http://curiosiphi:3001/watDiv_100",66542,309,308
"http://curiosiphi:3002/watDiv_100",66545,310,310
"http://curiosiphi:3002/watDiv_100",66557,319,319
"http://curiosiphi:3002/watDiv_100",66557,317,317
"http://curiosiphi:3002/watDiv_100",66866,308,308
"http://curiosiphi:3002/watDiv_100",66867,308,308
"http://curiosiphi:3002/watDiv_100",66867,308,308
"http://curiosiphi:3000/watDiv_100",67455,910,908
"http://curiosiphi:3002/watDiv_100",67769,309,308
"http://curiosiphi:3001/watDiv_100",67769,310,310
"http://curiosiphi:3002/watDiv_100",67771,306,306
"http://curiosiphi:3002/watDiv_100",68081,308,308
"http://curiosiphi:3001/watDiv_100",68082,308,308
"http://curiosiphi:3000/watDiv_100",68370,908,908
"http://curiosiphi:3002/watDiv_100",68687,311,311
"http://curiosiphi:3002/watDiv_100",68688,310,309
"http://curiosiphi:3000/watDiv_100",69286,908,908
"http://curiosiphi:3000/watDiv_100",69287,913,913
"http://curiosiphi:3001/watDiv_100",69599,308,308
"http://curiosiphi:3001/watDiv_100",69600,307,307
"http://curiosiphi:3001/watDiv_100",69601,307,307
"http://curiosiphi:3002/watDiv_100",69911,307,307
"http://curiosiphi:3000/watDiv_100",70199,907,907
"http://curiosiphi:3000/watDiv_100",71109,908,908
